PostName,PostURL,Comments,CommentsURL
Best Place to get golf lessons in Richmond,/r/rva/comments/cl86a6/best_place_to_get_golf_lessons_in_richmond/,1 comment,https://www.reddit.com/r/rva/comments/cl86a6/best_place_to_get_golf_lessons_in_richmond/
Non-Trap EDM Raves,/r/rva/comments/cl80yr/nontrap_edm_raves/,,
Looking for contacts/groups in the Cloud Security realm.,/r/rva/comments/cl7z98/looking_for_contactsgroups_in_the_cloud_security/,1 comment,https://www.reddit.com/r/rva/comments/cl7z98/looking_for_contactsgroups_in_the_cloud_security/
The Hounds of Hollywood,https://imgur.com/gallery/5baqqsC,1 comment,https://www.reddit.com/r/rva/comments/cl7uzo/the_hounds_of_hollywood/
Look's like Poe's Pub (or at least their building) is for sale,https://www.berkshirehathawayhs.com/commercial-for-sale/address-not-available-from-broker-Richmond-VA-23223-277227833,4 comments,https://www.reddit.com/r/rva/comments/cl7ofc/looks_like_poes_pub_or_at_least_their_building_is/
Denmark has been taken who is next,https://i.redd.it/uuze69je3td31.png,,
Vulture chillin’ on top of a memorial in Hollywood Cemetery,/r/rva/comments/cl77ko/vulture_chillin_on_top_of_a_memorial_in_hollywood/,7 comments,https://www.reddit.com/r/rva/comments/cl77ko/vulture_chillin_on_top_of_a_memorial_in_hollywood/
Now here's a festival I can get behind!,https://www.cheesesociety.org/conference/festival-of-cheese/,11 comments,https://www.reddit.com/r/rva/comments/cl5307/now_heres_a_festival_i_can_get_behind/
"RVA Free and Cheap Events, Friday August 2",/r/rva/comments/cl4syj/rva_free_and_cheap_events_friday_august_2/,1 comment,https://www.reddit.com/r/rva/comments/cl4syj/rva_free_and_cheap_events_friday_august_2/
True Health Diagnostics lays off hundreds in Richmond,https://www.google.com/amp/s/wtvr.com/2019/07/30/texas-based-health-diagnostics-company-lays-of-400-employees-at-richmond-laboratory/amp/,3 comments,https://www.reddit.com/r/rva/comments/cl4ewu/true_health_diagnostics_lays_off_hundreds_in/
Shaun is the man,/r/rva/comments/cl3xz3/shaun_is_the_man/,14 comments,https://www.reddit.com/r/rva/comments/cl3xz3/shaun_is_the_man/
"Buy / Sell / Trade Weekly Thread: August 02, 2019",/r/rva/comments/cl3wan/buy_sell_trade_weekly_thread_august_02_2019/,12 comments,https://www.reddit.com/r/rva/comments/cl3wan/buy_sell_trade_weekly_thread_august_02_2019/
Stoney to introduce now-$1.5 billion Richmond Coliseum redevelopment plan Monday,https://www.richmond.com/news/local/city-of-richmond/update-stoney-to-introduce-now--billion-richmond-coliseum-redevelopment/article_3c6d3b83-8c21-5f19-ab73-995b2f57e6a5.html,36 comments,https://www.reddit.com/r/rva/comments/cl3rtl/stoney_to_introduce_now15_billion_richmond/
Fitness Friday,/r/rva/comments/cl3jcb/fitness_friday/,20 comments,https://www.reddit.com/r/rva/comments/cl3jcb/fitness_friday/
More shootings .. 2nd one not even a block from RPD First Precinct,https://www.nbc12.com/2019/08/02/rpd-respond-overnight-shootings-east-end/,19 comments,https://www.reddit.com/r/rva/comments/cl370x/more_shootings_2nd_one_not_even_a_block_from_rpd/
"Peddler on Pine, we hardly knew ye",/r/rva/comments/cl2y9b/peddler_on_pine_we_hardly_knew_ye/,13 comments,https://www.reddit.com/r/rva/comments/cl2y9b/peddler_on_pine_we_hardly_knew_ye/
Storm and Rain Daily,/r/rva/comments/cl2bo7/storm_and_rain_daily/,153 comments,https://www.reddit.com/r/rva/comments/cl2bo7/storm_and_rain_daily/
New home for two adorable guinea pigs,/r/rva/comments/ckye71/new_home_for_two_adorable_guinea_pigs/,,
The Kickers are hosting open tryouts Aug 16-18,/r/rva/comments/ckyajc/the_kickers_are_hosting_open_tryouts_aug_1618/,,
Richmond Sunday Brunches with live Gospel Music?,/r/rva/comments/cky1c0/richmond_sunday_brunches_with_live_gospel_music/,,
